category,code,name,price,quantity
SC  PISTION RING ,SC/1148TSL,PISTON RING SET ESCORTS47 P4,0.00,1.00
SC  PISTION RING ,SC/2005TN,P.RING SET HYUNDAI SANTRO,0.00,1.00
SC  PISTION RING ,SC/2006TD,P. RING SET MARUTI 800,0.00,11.00
SC  PISTION RING ,SC/2028TD,P.RING SET FIAT DIESEL,0.00,1.00
SC  PISTION RING ,SC/2028TS,P. RING SET FIAT DIESEL,0.00,3.00
SC  PISTION RING ,SC/2032TG,P. RING SET. AMB / TREKKER,0.00,1.00
SC  PISTION RING ,SC/2079TS,P. RING SET TATA407,0.00,2.00
SC  PISTION RING ,SC/2082TD,PISTON RING SET TATA207,0.00,1.00
SC  PISTION RING ,SC/2082TS,P. RING SET TATA 207,0.00,2.00
SC  PISTION RING ,SC/2422TS,P. RING GREAVES GARUDA 530,0.00,3.00
SC  PISTION RING ,SC/2479TS,P. RING GREAVES GL400,0.00,1.00
SC  PISTION RING ,SC/2521MN,"PISTON RING I/R 2.5""",0.00,1.00
SC  PISTION RING ,SC/2527MN,"PISTON RING SET I/R 2.5""",0.00,2.00
SC  PISTION RING ,SC/2528SN,"PISTON.RING SET I/R 3""",0.00,50.00
SC  PISTION RING ,SC/2531SN,PISTON.RING SET I/R,0.00,54.00
SC  PISTION RING ,SC1136TSL,fPISTON RING SET FORD,0.00,2.00
SC  PISTION RING ,SC/1006T,PISTON RING MARUTI 800,0.00,2.00
SC  PISTION RING ,SC/1007T,P.RING SET MARUTI GYPSY 1000,0.00,1.00
SC  PISTION RING ,SC/1021T,PISTON RING FIAT PAD.,0.00,2.00
SC  PISTION RING ,SC/1023TSL,P.RING PREMIER 118NE STEEL TOP,0.00,1.00
SC  PISTION RING ,SC/1028TSL,PISTON RING FIAT DIESEL,0.00,1.00
SC  PISTION RING ,SC/1037TSL,PISTON RING TREKKER,0.00,2.00
SC  PISTION RING ,SC/1064TSL,P.RING SET TATA INDICA DIESEL,0.00,1.00
SC  PISTION RING ,SC/1082TSL,PISTON RING SET SUMO/SIERA,0.00,1.00
,,,,
,,,,
,,,,
,,,,
,,,,
,,,,
,,,,
,,,,
,,,,
,,,,
,,,,
,,,,
,,,,
,,,,
,,,,
,,,,
,,,,
,,,,
,,,,
,,,,
,,,,
,,,,
,,,,
,,,,
,,,,
,,,,
,,,,
,,,,
,,,,
,,,,
,,,,
,,,,
,,,,
,,,,
,,,,
,,,,
,,,,
,,,,
,,,,
,,,,
,,,,
,,,,
,,,,
,,,,
,,,,
,,,,
,,,,
,,,,
,,,,
,,,,
,,,,
,,,,
,,,,
,,,,
,,,,
,,,,
,,,,
,,,,
,,,,
,,,,
,,,,
,,,,
,,,,
,,,,
,,,,
,,,,
,,,,
,,,,
,,,,
,,,,
,,,,
,,,,
,,,,
,,,,
,,,,
,,,,
,,,,
,,,,
,,,,
,,,,
,,,,
,,,,
,,,,
,,,,
,,,,
,,,,
,,,,
,,,,
,,,,
,,,,
,,,,
,,,,
,,,,
,,,,
,,,,
,,,,
,,,,
,,,,
,,,,
,,,,
,,,,
,,,,
,,,,
,,,,
,,,,
,,,,
,,,,
,,,,
,,,,
,,,,
,,,,
,,,,
,,,,
,,,,
,,,,
,,,,
,,,,
,,,,
,,,,
,,,,
,,,,
,,,,
,,,,
,,,,
,,,,
,,,,
,,,,
,,,,
,,,,
,,,,
,,,,
,,,,
,,,,
,,,,
,,,,
,,,,
,,,,
,,,,
,,,,
,,,,
,,,,
,,,,
,,,,
,,,,
,,,,
,,,,
,,,,
,,,,
,,,,
,,,,
,,,,
,,,,
,,,,
,,,,
,,,,
,,,,
,,,,
,,,,
,,,,
,,,,
,,,,
,,,,
,,,,
,,,,
,,,,
,,,,
,,,,
,,,,
,,,,
,,,,
,,,,
,,,,
,,,,
,,,,
,,,,
,,,,
,,,,
,,,,
,,,,
,,,,
,,,,
,,,,
,,,,
,,,,
,,,,
,,,,
,,,,
,,,,
,,,,
,,,,
,,,,
,,,,
,,,,
,,,,
,,,,
,,,,
,,,,
,,,,
,,,,
,,,,
,,,,
,,,,
,,,,
,,,,
,,,,
,,,,
,,,,
,,,,
,,,,
,,,,
,,,,
,,,,
,,,,
,,,,
,,,,
,,,,
,,,,
,,,,
,,,,
,,,,
,,,,
,,,,
,,,,
,,,,
,,,,
,,,,
,,,,
,,,,
,,,,
,,,,
,,,,
,,,,
,,,,
,,,,
,,,,
,,,,
,,,,
,,,,
,,,,
,,,,
,,,,
,,,,
,,,,
,,,,
,,,,
,,,,
,,,,
,,,,
,,,,
,,,,
,,,,
,,,,
,,,,
,,,,
,,,,
,,,,
,,,,
,,,,
,,,,
,,,,
,,,,
,,,,
,,,,
,,,,
,,,,
,,,,
,,,,
,,,,
,,,,
,,,,
,,,,
,,,,
,,,,
,,,,
,,,,
,,,,
,,,,
,,,,
,,,,
,,,,
,,,,
,,,,
,,,,
,,,,
,,,,
,,,,
,,,,
,,,,
,,,,
,,,,
,,,,
,,,,
,,,,
,,,,
,,,,
,,,,
,,,,
,,,,
,,,,
,,,,
,,,,
,,,,
,,,,
,,,,
,,,,
,,,,
,,,,
,,,,
,,,,
,,,,
,,,,
,,,,
,,,,
,,,,
,,,,
,,,,
,,,,
,,,,
,,,,
,,,,
,,,,
,,,,
,,,,
,,,,
,,,,
,,,,
,,,,
,,,,
,,,,
,,,,
,,,,
,,,,
,,,,
,,,,
,,,,
,,,,
,,,,
,,,,
,,,,
,,,,
